,Item,Price,Precio_kilo,Internal code,Categoria 1,Categoria 2,urls
0,,"1,58","66,33 €",5705536,Frescos,Pescados,https://supermercado.eroski.es/es/productdetail/15705536-lomo-de-salmon-ahumado-eroski-seleqtia-bandeja-150-g/
1,,"6,35","10,25 €",41284,Congelados,Marisco,https://supermercado.eroski.es/es/productdetail/541284-divinas-del-mar-eroski-basic-bandeja-200-g/
2,,"10,50",NA,8337345,Mascotas,Gatos,https://supermercado.eroski.es/es/productdetail/18337345-barritas-tiernas-de-trucha-salmon-para-gato-eroski-paquete-35-g/
3,,"2,05","6,63 €",0869014,Mascotas,Gatos,https://supermercado.eroski.es/es/productdetail/10869014-alimento-de-salmon-arroz-gato-adulto-ultima-saco-15-kg/
4,,"3,40","9,75 €",5003179,Mascotas,Gatos,https://supermercado.eroski.es/es/productdetail/25003179-alimento-de-salmon-atun-gato-esterelizado-ultima-caja-1020-kg/
5,,"5,79",NA,4146961,Mascotas,Perros,https://supermercado.eroski.es/es/productdetail/24146961-treaties-minis-de-salmon-vitakraft-paquete-48-g/
6,,"3,40","34,50 €",4974370,Frescos,Pescados,https://supermercado.eroski.es/es/productdetail/24974370-palitos-de-bacalao-desalado-royal-bandeja-200-g/
7,,"1,99","46,60 €",4243362,Frescos,Pescados,https://supermercado.eroski.es/es/productdetail/24243362-tartar-de-salmon-ahumado-martiko-pack-2x75-g/
8,,"9,99","29,93 €",8613166,Frescos,Pescados,https://supermercado.eroski.es/es/productdetail/18613166-bacalao-desalado-menu-msc-eroski-bandeja-700-g/
9,,"3,40","37,30 €",3107519,Alimentación,Conservas de pescado,https://supermercado.eroski.es/es/productdetail/23107519-lomos-de-salmon-en-aceite-de-oliva-costa-vasca-frasco-200-g/
10,,"6,35","9,97 €",1755780,Mascotas,Gatos,https://supermercado.eroski.es/es/productdetail/21755780-alimento-de-salmon-gato-junior-purina-one-pack-4x85-g/
11,,"5,99","28,75 €",9545771,Mascotas,Gatos,https://supermercado.eroski.es/es/productdetail/19545771-crystal-soup-de-salmon-atun-para-gato-gourmet-pack-4x40-g/
12,,"5,99",NA,4789778,"Hogar, bricolaje y textil",Textil,https://supermercado.eroski.es/es/productdetail/24789778-juego-sabanas-namira-salmon-3-piezas-50-algodon-50-poliester-eroski-talla-90/
13,,"4,95","15,18 €",4970758,Frescos,Platos preparados,https://supermercado.eroski.es/es/productdetail/24970758-bacalao-al-ajo-arriero-giraldo-bandeja-280-g/
14,,"3,40","36,85 €",3851629,Frescos,Pescados,https://supermercado.eroski.es/es/productdetail/23851629-lomos-extra-de-bacalao-desalado-alkorta-nature-pack-2x135-g/
15,,"3,99","7,90 €",7623471,Frescos,Pescados,https://supermercado.eroski.es/es/productdetail/17623471-guliciosas-eroski-basic-bandeja-200-g/
16,,"1,85","14,91 €",4113623,Mascotas,Gatos,https://supermercado.eroski.es/es/productdetail/24113623-alimento-de-salmon-para-gato-gourmet-revelations-pack-4x57-g/
17,,"5,49","50,00 €",1571534,Frescos,Platos preparados,https://supermercado.eroski.es/es/productdetail/21571534-california-de-salmon-sushitake-bandeja-144-g/
18,,"6,99","16,61 €",871963,Frescos,Pescados,https://supermercado.eroski.es/es/productdetail/9871963-barritas-de-surimi-krissia-bandeja-180-g/
19,,"2,99","43,75 €",8643023,Frescos,Pescados,https://supermercado.eroski.es/es/productdetail/18643023-lomos-de-bacalao-desalado-msc-eroski-seleqtia-bandeja-400-g/
20,,"5,49","21,60 €",4972150,Alimentación,Conservas de pescado,https://supermercado.eroski.es/es/productdetail/24972150-salmon-al-natural-eroski-pack-3x50-g/
21,,"6,99","28,67 €",5477084,Frescos,Pescados,https://supermercado.eroski.es/es/productdetail/25477084-bacalao-desalado-desmigado-msc-giraldo-gourmet-bandeja-225-g/
22,,"2,09","6,50 €",5528837,Mascotas,Perros,https://supermercado.eroski.es/es/productdetail/25528837-alimento-grain-free-de-salmon-para-perro-perrynat-lata-400-g/
23,,"2,95","63,13 €",67948,Frescos,Pescados,https://supermercado.eroski.es/es/productdetail/267948-bacalao-ahumado-msc-martiko-sobre-80-g/
24,,"5,29","31,75 €",2306039,Frescos,Pescados,https://supermercado.eroski.es/es/productdetail/22306039-gulas-del-norte-frescas-la-gula-del-norte-pack-2x100-g/
25,,"2,39","34,66 €",1572904,Frescos,Platos preparados,https://supermercado.eroski.es/es/productdetail/21572904-roll-de-salmon-queso-sushitake-bandeja-176-g/
26,,"3,99","17,82 €",4306193,Congelados,Pescado,https://supermercado.eroski.es/es/productdetail/24306193-bacalao-rebozado-findus-caja-280-g/
27,,"4,99","28,95 €",00956,Congelados,Marisco,https://supermercado.eroski.es/es/productdetail/200956-gulas-del-norte-congeladas-la-gula-del-norte-bandeja-200-g/
28,,"10,50","19,97 €",4601304,Frescos,Pescados,https://supermercado.eroski.es/es/productdetail/24601304-bacalao-con-pisto-y-pil-pil-giraldo-bandeja-300-g/
29,,"9,95","16,04 €",3630049,Congelados,Pescado,https://supermercado.eroski.es/es/productdetail/23630049-varitas-de-salmon-empanadas-pescanova-caja-240-g/
30,,"9,50","8,54 €",2886238,Congelados,Platos preparados,https://supermercado.eroski.es/es/productdetail/22886238-linguine-fruti-di-mare-salmon-la-sirena-bandeja-350-g/
31,,"12,57","9,98 €",9070002,Congelados,Platos preparados,https://supermercado.eroski.es/es/productdetail/19070002-croquetas-de-cazuela-de-bacalao-la-cocinera-bolsa-500-g/
32,,"4,75","7,93 €",1756044,Mascotas,Perros,https://supermercado.eroski.es/es/productdetail/21756044-alimento-de-salmon-perro-simply-nine-beyond-bolsa-14-kg/
33,,"8,75",NA,3854476,Mascotas,Gatos,https://supermercado.eroski.es/es/productdetail/13854476-salmon-atun-gourmet-gold-lata-85-g/
34,,"5,58","2,78 €",384555,Mascotas,Gatos,https://supermercado.eroski.es/es/productdetail/7384555-alimento-de-bacalao-trucha-verd-gato-adulto-friskies-saco-4-kg/
35,,"10,50","58,42 €",7461294,Frescos,Platos preparados,https://supermercado.eroski.es/es/productdetail/17461294-sashimi-de-salmon-sushitake-bandeja-190-g/
36,,"9,99","41,44 €",1571674,Frescos,Platos preparados,https://supermercado.eroski.es/es/productdetail/21571674-dragon-de-salmon-aguacate-sushitake-bandeja-216-g/
37,,"41,85","6,81 €",7786633,Mascotas,Gatos,https://supermercado.eroski.es/es/productdetail/17786633-alimento-de-salmon-gato-esterilizado-ultima-paquete-800-g/
38,,"9,54","23,23 €",9780345,Congelados,Marisco,https://supermercado.eroski.es/es/productdetail/19780345-gulas-del-norte-congeladas-la-gula-del-norte-bandeja-430-g/
39,,"9,95","9,76 €",363611,Mascotas,Gatos,https://supermercado.eroski.es/es/productdetail/3363611-alimento-de-salmon-pollo-friskies-gourmet-gold-lata-85-g/
40,,"6,69","31,67 €",8362673,Frescos,Pescados,https://supermercado.eroski.es/es/productdetail/18362673-rodaja-de-salmon-eroski-natur-ggn-bandeja-300-g/
41,,"19,25","32,08 €",1119441,Frescos,Pescados,https://supermercado.eroski.es/es/productdetail/21119441-corte-de-salmon-eroski-natur-ggn-bandeja-600-g/
42,,"5,99","9,08 €",9641851,Mascotas,Gatos,https://supermercado.eroski.es/es/productdetail/19641851-alimento-de-salmon-buey-pollo-para-gato-brekkies-pack-6x100-g/
43,,"11,05","29,11 €",4974305,Frescos,Pescados,https://supermercado.eroski.es/es/productdetail/24974305-desmigado-de-bacalao-desalado-royal-bandeja-225-g/
44,,"5,99",NA,2306054,Frescos,Pescados,https://supermercado.eroski.es/es/productdetail/22306054-gulas-del-norte-frescas-la-gula-del-norte-pack-2x210-g/
45,,"7,95",NA,0843498,Frescos,Pescados,https://supermercado.eroski.es/es/productdetail/10843498-corte-de-bacalao-skrei-al-peso-compra-minima-1-kg/
46,,"3,85","14,64 €",5555154,Congelados,Pescado,https://supermercado.eroski.es/es/productdetail/15555154-filetes-de-bacalao-eroski-bolsa-450-g/
47,,"5,72","11,48 €",1767025,Congelados,Pescado,https://supermercado.eroski.es/es/productdetail/21767025-migas-de-bacalao-msc-cabomar-bolsa-500-g/
48,,"18,49","13,30 €",9841378,Frescos,Pescados,https://supermercado.eroski.es/es/productdetail/19841378-palitos-de-surimi-msc-eroski-bandeja-300-g/
49,,"3,40","24,58 €",2436976,Alimentación,Conservas de pescado,https://supermercado.eroski.es/es/productdetail/22436976-higado-de-bacalao-ahumado-dani-lata-120-g/
50,,"5,40","15,96 €",93130,Frescos,Pescados,https://supermercado.eroski.es/es/productdetail/493130-filete-de-bacalao-al-punto-de-sal-al-peso-compra-minima-500-g/
51,,"5,99","8,82 €",9539881,Mascotas,Gatos,https://supermercado.eroski.es/es/productdetail/19539881-gelatina-de-salmon-espinacas-gato-poesie-vitakraft-lata-85-g/
52,,"6,99","23,96 €",202854,Congelados,Marisco,https://supermercado.eroski.es/es/productdetail/9202854-gulas-con-gambas-congeladas-la-gula-del-norte-sobre-250-g/
53,,"13,99","7,03 €",7721093,Mascotas,Gatos,https://supermercado.eroski.es/es/productdetail/17721093-alimento-de-salmon-gato-esterilizado-purina-one-bolsa-800-g/
54,,"18,50","37,00 €",4976896,Congelados,Pescado,https://supermercado.eroski.es/es/productdetail/24976896-solomillo-de-bacalao-skrei-msc-eroski-seleqtia-bandeja-400-g/
55,,"9,70","66,90 €",5199961,Frescos,Pescados,https://supermercado.eroski.es/es/productdetail/15199961-salmon-ahumado-martiko-pack-2x50-g/
56,,"5,99","13,23 €",0981288,Congelados,Marisco,https://supermercado.eroski.es/es/productdetail/20981288-barritas-de-surimi-krissia-bandeja-400-g/
57,,"63,80","4,63 €",3747835,Mascotas,Gatos,https://supermercado.eroski.es/es/productdetail/23747835-alimento-seco-semi-humedo-de-salmon-para-gato-felix-sobre-950-g/
58,,"8,95","6,60 €",4055279,Mascotas,Gatos,https://supermercado.eroski.es/es/productdetail/24055279-alimento-de-salmon-para-gato-ultima-paquete-750-g/
59,,"12,45","35,96 €",2287249,Frescos,Pescados,https://supermercado.eroski.es/es/productdetail/12287249-palitos-de-bacalao-desalado-msc-giraldo-bandeja-250-g/
60,,"0,82","31,75 €",4158131,Frescos,Pescados,https://supermercado.eroski.es/es/productdetail/24158131-gula-fresca-s-gluten-red-sal-la-gula-del-norte-pack-2x100-g/
61,,"0,60","8,76 €",8594655,Mascotas,Gatos,https://supermercado.eroski.es/es/productdetail/18594655-alimento-de-salmon-gato-esterilizado-ultima-nature-saco-125-kg/
62,,"9,95","14,82 €",2430532,Mascotas,Gatos,https://supermercado.eroski.es/es/productdetail/22430532-alimento-humedo-de-salmon-grainfree-beyond-purina-lata-85-g/
63,,"1,39","3,47 €",808604,Mascotas,Gatos,https://supermercado.eroski.es/es/productdetail/6808604-alimento-de-salmon-trucha-atun-gato-adulto-friskies-saco-15-kg/
64,,"3,45","10,52 €",6049819,Alimentación,Conservas de pescado,https://supermercado.eroski.es/es/productdetail/16049819-huevas-de-bacalao-dani-lata-200-g/
65,,"0,77","25,58 €",12007,Frescos,"Salchichas, patés y foie",https://supermercado.eroski.es/es/productdetail/412007-pate-de-salmon-la-piara-pack-2x77-g/
66,,"0,95","14,71 €",2466007,Mascotas,Gatos,https://supermercado.eroski.es/es/productdetail/22466007-alimento-con-bacalao-para-gato-vitakraft-poesie-sobre-85-g/
67,,"0,83","33,25 €",8915926,Frescos,Pescados,https://supermercado.eroski.es/es/productdetail/18915926-salmon-ahumado-eroski-basic-sobre-120-g/
68,,"5,20","10,26 €",1131834,Mascotas,Gatos,https://supermercado.eroski.es/es/productdetail/21131834-perle-delicias-en-salsa-salmon-gourmet-pack-4x85-g/
69,,"1,32",NA,4783904,"Hogar, bricolaje y textil",Textil,https://supermercado.eroski.es/es/productdetail/24783904-juego-sabanas-jack-polar-color-salmon-3-piezas-100-poliester-eroski-talla-105/
70,,"5,45",NA,493792,Mascotas,Gatos,https://supermercado.eroski.es/es/productdetail/9493792-stick-de-bacalao-atun-vitakraft-catstick-sobre-18-g/
71,,"3,39","53,61 €",1572144,Frescos,Platos preparados,https://supermercado.eroski.es/es/productdetail/21572144-nigiri-de-salmon-atun-duo-sushitake-bandeja-180-g/
72,,"3,40",NA,3852975,Mascotas,Gatos,https://supermercado.eroski.es/es/productdetail/13852975-snack-de-salmon-para-gato-whiskas-paquete-18-g/
73,,"3,15","15,25 €",871948,Frescos,Pescados,https://supermercado.eroski.es/es/productdetail/9871948-barritas-de-surimi-krissia-bandeja-360-g/
74,,"1,55","14,56 €",2421408,Frescos,Pescados,https://supermercado.eroski.es/es/productdetail/22421408-barritas-de-surimi-0-materia-grasa-krissia-bandeja-480-g/
75,,"8,45","45,17 €",1571724,Frescos,Platos preparados,https://supermercado.eroski.es/es/productdetail/21571724-spicy-de-salmon-sushitake-bandeja-176-g/
76,,"0,83","18,20 €",6864910,Frescos,Pescados,https://supermercado.eroski.es/es/productdetail/16864910-migas-de-bacalao-salado-giraldo-esencial-bandeja-250-g/
77,,"4,19",NA,4789786,"Hogar, bricolaje y textil",Textil,https://supermercado.eroski.es/es/productdetail/24789786-juego-sabanas-namira-salmon-3-piezas-50-algodon-50-poliester-eroski-talla-105/
78,,"1,26","3,53 €",4565095,Mascotas,Gatos,https://supermercado.eroski.es/es/productdetail/24565095-alimento-de-salmon-para-gato-no-grain-eroski-saco-15-kg/
79,,"2,49",NA,4783896,"Hogar, bricolaje y textil",Textil,https://supermercado.eroski.es/es/productdetail/24783896-juego-sabanas-jack-polar-color-salmon-3-piezas-100-poliester-eroski-talla-90/
80,,"1,79","6,66 €",5290263,Mascotas,Gatos,https://supermercado.eroski.es/es/productdetail/25290263-alimento-de-salmon-gato-digestion-sensible-one-paquete-15-kg/
81,,"3,40","31,80 €",5519265,Mascotas,Gatos,https://supermercado.eroski.es/es/productdetail/25519265-sticks-gato-salmon-biozoo-bolsa-50-g/
82,,"4,75","49,95 €",3539323,Congelados,Pescado,https://supermercado.eroski.es/es/productdetail/23539323-suprema-de-salmon-asc-findus-caja-200-g/
83,,"4,00","6,44 €",7721044,Mascotas,Gatos,https://supermercado.eroski.es/es/productdetail/17721044-alimento-de-salmon-gato-adulto-purina-one-paquete-800-g/
84,,"9,95","25,83 €",5531294,Congelados,Pescado,https://supermercado.eroski.es/es/productdetail/25531294-lomos-de-bacalao-skrei-al-punto-de-sal-pescanova-bandeja-300-g/
85,,"9,65",NA,4783722,"Hogar, bricolaje y textil",Textil,https://supermercado.eroski.es/es/productdetail/24783722-juego-sabanas-carl-polar-color-salmon-3-piezas-100-poliester-eroski-talla-105/
86,,"3,79","21,06 €",9536697,Mascotas,Gatos,https://supermercado.eroski.es/es/productdetail/19536697-snack-de-salmon-para-gato-catisfaction-paquete-180-g/
87,,"1,89","10,15 €",3904311,Mascotas,Gatos,https://supermercado.eroski.es/es/productdetail/23904311-alimento-humedo-de-pollosalmon-gato-esteril-ultima-bolsa-340-g/
88,,"7,90","19,96 €",25946,Frescos,Pescados,https://supermercado.eroski.es/es/productdetail/225946-cocochas-de-bacalao-al-peso-compra-minima-500-g/
89,,"5,62","18,89 €",3816929,Frescos,Pescados,https://supermercado.eroski.es/es/productdetail/23816929-pintxo-de-salmon-aguinamar-bandeja-180-g/
90,,"9,50","6,82 €",3895618,Mascotas,Perros,https://supermercado.eroski.es/es/productdetail/23895618-alimento-de-salmon-para-perro-beyond-saco-3-kg/
91,,"5,50","11,97 €",9113687,Congelados,Platos preparados,https://supermercado.eroski.es/es/productdetail/19113687-croquetas-de-bacalao-ameztoi-bolsa-350-g/
92,,"2,75",NA,4783920,"Hogar, bricolaje y textil",Textil,https://supermercado.eroski.es/es/productdetail/24783920-juego-sabanas-jack-polar-color-salmon-4-piezas-100-poliester-eroski-talla-150/
93,,"9,89","35,45 €",7462078,Frescos,Platos preparados,https://supermercado.eroski.es/es/productdetail/17462078-maki-salmon-mango-y-aguacate-sushitake-bandeja-200-g/
94,,"4,95","74,88 €",2467120,Frescos,Pescados,https://supermercado.eroski.es/es/productdetail/22467120-salmon-ahumado-martiko-sobre-80-g/
95,,"10,95","7,14 €",4078321,Mascotas,Gatos,https://supermercado.eroski.es/es/productdetail/24078321-alimento-de-salmon-gato-esterilizado-perfect-fit-paquete-1400-g/
96,,"6,95","29,95 €",3718174,Congelados,Marisco,https://supermercado.eroski.es/es/productdetail/23718174-gulas-congeladas-sin-gluten-la-gula-del-norte-bandeja-190-g/
97,,"4,00","42,00 €",5234642,Mascotas,Gatos,https://supermercado.eroski.es/es/productdetail/25234642-snack-liquido-de-salmon-para-gato-vitakraft-pack-5x15-g/
98,,"4,25","11,99 €",5324898,Mascotas,Gatos,https://supermercado.eroski.es/es/productdetail/25324898-alimento-de-salmon-gato-adulto-edgardcooper-paquete-750-g/
99,,"9,99","44,75 €",3851587,Frescos,Pescados,https://supermercado.eroski.es/es/productdetail/23851587-cocochas-de-bacalao-desalado-alkorta-nature-bandeja-200-g/
100,,"4,60","11,04 €",529190,Alimentación,Platos preparados,https://supermercado.eroski.es/es/productdetail/8529190-pimientos-rellenos-de-bacalao-gambas-eroski-lata-240-g/
101,,"3,94","47,50 €",8860205,Frescos,Pescados,https://supermercado.eroski.es/es/productdetail/18860205-salmon-ahumado-eroski-sobre-100-g/
102,,"5,45","25,39 €",1571948,Frescos,Platos preparados,https://supermercado.eroski.es/es/productdetail/21571948-tartar-de-salmon-sushitake-bandeja-380-g/
103,,"9,85","4,37 €",5528969,Mascotas,Gatos,https://supermercado.eroski.es/es/productdetail/25528969-alimento-de-salmon-para-gato-gatynat-lata-400-g/
104,,"7,46",NA,5528720,Mascotas,Perros,https://supermercado.eroski.es/es/productdetail/25528720-alimento-para-perro-salmonremolacha-edgardcooper-saco-1-kg/
105,,"5,15","33,17 €",4803991,Mascotas,Gatos,https://supermercado.eroski.es/es/productdetail/24803991-snack-de-salmon-para-gato-vitakraft-paquete-60-g/
106,,"4,40","31,10 €",3107501,Alimentación,Conservas de pescado,https://supermercado.eroski.es/es/productdetail/23107501-lomos-de-bacalao-en-aceite-de-oliva-costa-vasca-frasco-200-g/
107,,"1,35","23,96 €",9942226,Congelados,Pescado,https://supermercado.eroski.es/es/productdetail/19942226-migas-de-bacalao-pescanova-bolsa-250-g/
108,,"2,69","33,17 €",9828425,Frescos,Pescados,https://supermercado.eroski.es/es/productdetail/19828425-filete-de-salmon-eroski-natur-ggn-bandeja-300-g/
109,,"18,90","17,96 €",2007779,Frescos,Pescados,https://supermercado.eroski.es/es/productdetail/12007779-rodaja-de-salmon-al-peso-compra-minima-700-g/
110,,"19,75","3,67 €",681517,Mascotas,Gatos,https://supermercado.eroski.es/es/productdetail/3681517-mix-de-salmon-atun-verdura-para-gato-brekkies-saco-15-kg/
111,,"3,25","10,00 €",1755772,Mascotas,Gatos,https://supermercado.eroski.es/es/productdetail/21755772-alimento-de-salmon-pavo-gato-esteriliz-purina-one-pack-4x85-g/
112,,"11,10","30,56 €",4260366,Mascotas,Gatos,https://supermercado.eroski.es/es/productdetail/24260366-snack-jelly-msc-de-salmon-para-gato-vitakraft-caja-90-g/
113,,"3,49","44,20 €",2468599,Congelados,Pescado,https://supermercado.eroski.es/es/productdetail/22468599-centros-de-salmon-pescanova-caja-250-g/
114,,"3,45","13,95 €",25771,Frescos,Pescados,https://supermercado.eroski.es/es/productdetail/225771-salmon-entero-pieza-al-peso-aprox-3-kg/
115,,"0,75","40,25 €",1571831,Frescos,Platos preparados,https://supermercado.eroski.es/es/productdetail/21571831-maki-de-salmon-sushitake-bandeja-118-g/
116,,"20,45","18,83 €",4440331,Frescos,Platos preparados,https://supermercado.eroski.es/es/productdetail/24440331-salmon-con-setas-giraldo-bandeja-300-g/
117,,"9,95",NA,3714330,Congelados,Pescado,https://supermercado.eroski.es/es/productdetail/23714330-lomos-de-bacalao-al-punto-de-sal-la-sirena-bandeja-500-g/
118,,"17,95","7,96 €",4972341,Mascotas,Perros,https://supermercado.eroski.es/es/productdetail/24972341-alimento-de-salmon-para-perro-mini-ultima-nature-saco-125-kg/
119,,"2,00","17,46 €",1053194,Frescos,Platos preparados,https://supermercado.eroski.es/es/productdetail/21053194-croquetas-de-bacalao-casa-mas-bandeja-280-g/
120,,"1,29","8,97 €",5528712,Mascotas,Perros,https://supermercado.eroski.es/es/productdetail/25528712-alimento-de-salmon-pavo-para-perro-edgardcooper-tarrina-300-g/
121,,"11,75","4,99 €",2380885,Mascotas,Perros,https://supermercado.eroski.es/es/productdetail/22380885-alimento-sensitive-de-salmon-perro-mediano-max-ultima-saco-7-kg/
122,,"7,55","5,14 €",7512781,Congelados,Platos preparados,https://supermercado.eroski.es/es/productdetail/17512781-croquetas-de-bacalao-eroski-bolsa-350-g/
123,,"2,69","30,91 €",3519663,Frescos,Pescados,https://supermercado.eroski.es/es/productdetail/23519663-alminuto-de-gula-de-trufa-la-gula-del-norte-sobre-135-g/
124,,"5,65",NA,7947706,Mascotas,Gatos,https://supermercado.eroski.es/es/productdetail/17947706-cat-yums-de-salmon-trucha-vitakraft-paquete-40-g/
125,,"9,65","69,95 €",3870662,Frescos,Pescados,https://supermercado.eroski.es/es/productdetail/13870662-salmon-ahumado-martiko-sobre-200-g/
126,,"7,20","40,22 €",5298597,Frescos,Pescados,https://supermercado.eroski.es/es/productdetail/25298597-salmon-corte-maestro-x4-mowi-bandeja-460-g/
127,,"5,30","6,59 €",5290255,Mascotas,Gatos,https://supermercado.eroski.es/es/productdetail/25290255-alimento-de-salmon-para-gato-esterilizado-one-paquete-15-kg/
128,,"4,05","6,89 €",5302910,Mascotas,Gatos,https://supermercado.eroski.es/es/productdetail/25302910-alimento-de-salmon-para-gato-esterilizado-one-paquete-28-kg/
129,,"2,99","41,50 €",5298365,Frescos,Pescados,https://supermercado.eroski.es/es/productdetail/25298365-salmon-bio-lomos-x2-mowi-bandeja-300-g/
130,,"1,09","7,94 €",2466072,Mascotas,Gatos,https://supermercado.eroski.es/es/productdetail/22466072-gelatina-de-salmon-caza-para-gato-vitakraft-poesie-pack-6x85-g/
131,,"25,00","29,97 €",8358390,Congelados,Pescado,https://supermercado.eroski.es/es/productdetail/18358390-lomo-extra-de-bacalao-royal-bandeja-300-g/
132,,"2,99","24,75 €",49341,Alimentación,Conservas de pescado,https://supermercado.eroski.es/es/productdetail/749341-gulas-al-ajillo-ubago-lata-200-g/
133,,"7,95","9,50 €",375123,Mascotas,Gatos,https://supermercado.eroski.es/es/productdetail/8375123-alimento-humedo-de-salmon-atun-para-gato-brekkies-tarrina-100-g/
134,,"3,15","35,00 €",1119425,Frescos,Pescados,https://supermercado.eroski.es/es/productdetail/21119425-solomillos-de-salmon-eroski-natur-ggn-bandeja-300-g/
135,,"34,95","0,53 €",5277700,Mascotas,Gatos,https://supermercado.eroski.es/es/productdetail/15277700-cat-liquido-de-salmon-con-omega-3-vitakraft-pack-6-uds/
136,,"19,29","30,91 €",37005,Frescos,Pescados,https://supermercado.eroski.es/es/productdetail/837005-alminuto-de-gulas-al-ajillo-la-gula-del-norte-sobre-110-g/
137,,"11,10","6,56 €",545843,Congelados,Marisco,https://supermercado.eroski.es/es/productdetail/5545843-rollito-de-mar-pescanova-caja-450-g/
138,,"9,95","21,50 €",1195052,Frescos,Platos preparados,https://supermercado.eroski.es/es/productdetail/21195052-bacalao-a-la-vizcaina-eroski-seleqtia-bandeja-300-g/
139,,"9,99","55,44 €",8964569,Frescos,Pescados,https://supermercado.eroski.es/es/productdetail/18964569-salmon-ahumado-eroski-seleqtia-sobre-90-g/
140,,"44,95","5,98 €",4972390,Mascotas,Perros,https://supermercado.eroski.es/es/productdetail/24972390-alimento-de-salmon-para-perro-mediano-ultima-nature-saco-3-kg/
141,,"35,00","15,18 €",5324971,Mascotas,Gatos,https://supermercado.eroski.es/es/productdetail/25324971-alimento-de-salmon-y-pollo-bio-gato-edgardcooper-tarrina-85-g/
142,,"33,55","53,80 €",5002833,Mascotas,Gatos,https://supermercado.eroski.es/es/productdetail/25002833-comida-humeda-de-salmon-para-gato-gourmet-nature-pack-5x10-g/
143,,"31,00","29,83 €",5275969,Mascotas,Gatos,https://supermercado.eroski.es/es/productdetail/15275969-snack-de-salmon-para-gato-catisfaction-paquete-60-g/
144,,"28,00","12,82 €",5324955,Mascotas,Gatos,https://supermercado.eroski.es/es/productdetail/25324955-alimento-salmon-y-pollo-gato-adulto-edgardcooper-tarrina-85-g/
145,,"8,95","31,50 €",4543670,Mascotas,Perros,https://supermercado.eroski.es/es/productdetail/24543670-filete-de-salmon-para-perro-biozoo-bolsa-100-g/
146,,"7,95","16,60 €",118878,Frescos,Queso y membrillo,https://supermercado.eroski.es/es/productdetail/9118878-queso-con-salmon-philadelphia-tarrina-150-g/
147,,"6,10",NA,2607840,Mascotas,Gatos,https://supermercado.eroski.es/es/productdetail/22607840-stick-de-salmon-trucha-vitakraft-18-g/
148,,"3,30","14,56 €",0011813,Frescos,Pescados,https://supermercado.eroski.es/es/productdetail/20011813-barritas-de-surimi-krissia-bandeja-480-g/
149,,"3,15","74,58 €",0587731,Frescos,Pescados,https://supermercado.eroski.es/es/productdetail/10587731-salmon-ahumado-dados-royal-bandeja-120-g/
150,,"1,59","32,86 €",2365268,Frescos,Pescados,https://supermercado.eroski.es/es/productdetail/12365268-bacalao-desalado-menu-msc-eroski-bandeja-400-g/
151,,"1,75","74,88 €",2404206,Frescos,Pescados,https://supermercado.eroski.es/es/productdetail/22404206-salmon-ahumado-reducido-en-sal-martiko-sobre-80-g/
152,,"1,99",NA,4789794,"Hogar, bricolaje y textil",Textil,https://supermercado.eroski.es/es/productdetail/24789794-juego-sabanas-namira-salmon-4-piezas-50-algodon-50-poliester-eroski-talla-135/
153,,"2,60","18,55 €",3816689,Frescos,Pescados,https://supermercado.eroski.es/es/productdetail/23816689-bacalao-al-punto-de-sal-sin-piel-bandeja-aprox-400-g/
154,,"8,99","23,80 €",4092033,Frescos,Pescados,https://supermercado.eroski.es/es/productdetail/24092033-ventresca-de-bacalao-desalado-alkorta-nature-bandeja-250-g/
155,,"2,69","24,14 €",5531302,Congelados,Pescado,https://supermercado.eroski.es/es/productdetail/25531302-colas-de-bacalao-sin-espinas-pescanova-bandeja-350-g/
156,,"28,00","21,63 €",2365243,Frescos,Platos preparados,https://supermercado.eroski.es/es/productdetail/12365243-bacalao-al-pil-pil-eroski-seleqtia-bandeja-300-g/
157,,"27,00","39,75 €",1119433,Frescos,Pescados,https://supermercado.eroski.es/es/productdetail/21119433-escalopines-de-salmon-eroski-natur-ggn-bandeja-200-g/
158,,"27,00","9,79 €",2444640,Mascotas,Gatos,https://supermercado.eroski.es/es/productdetail/22444640-alimento-de-salmon-para-gato-beyond-grain-free-paquete-12-kg/
159,,"33,00",NA,4783714,"Hogar, bricolaje y textil",Textil,https://supermercado.eroski.es/es/productdetail/24783714-juego-sabanas-carl-polar-color-salmon-3-piezas-100-poliester-eroski-talla-90/
160,,"39,00","9,95 €",0882900,Frescos,Pescados,https://supermercado.eroski.es/es/productdetail/10882900-bacalao-skrei-pieza-al-peso-aprox-5-kg/
161,,"25,00","16,29 €",223613,Congelados,Pescado,https://supermercado.eroski.es/es/productdetail/7223613-lomos-de-bacalao-eroski-bolsa-450-g/
162,,"1,50","30,17 €",198995,Alimentación,Conservas de pescado,https://supermercado.eroski.es/es/productdetail/9198995-bacalao-a-la-vizcaina-albo-lata-115-g/
163,,"8,99","11,37 €",2449054,Congelados,Marisco,https://supermercado.eroski.es/es/productdetail/12449054-divinas-del-mar-al-ajillo-con-gambas-eroski-bandeja-175-g/
164,,"5,99","9,06 €",9539741,Mascotas,Gatos,https://supermercado.eroski.es/es/productdetail/19539741-mousse-de-salmon-para-gato-poesie-vitakraft-lata-85-g/
165,,"7,98","32,71 €",2342176,Congelados,Pescado,https://supermercado.eroski.es/es/productdetail/12342176-solomillo-de-bacalao-pescanova-bandeja-550-g/
166,,"6,59","27,00 €",1118468,Frescos,Pescados,https://supermercado.eroski.es/es/productdetail/21118468-hamburguesa-de-salmon-giraldo-bandeja-200-g/
167,,"8,59","6,30 €",5269319,Mascotas,Gatos,https://supermercado.eroski.es/es/productdetail/15269319-alimento-de-salmon-arroz-gato-adulto-ultima-saco-3-kg/
168,,"6,59","11,50 €",2881643,Congelados,Pescado,https://supermercado.eroski.es/es/productdetail/22881643-peskitos-de-salmon-empanados-pescanova-caja-300-g/
169,,"11,50","17,83 €",5362601,Frescos,Carnes y aves,https://supermercado.eroski.es/es/productdetail/15362601-croquetas-de-bacalao-basarri-bandeja-300-g/
170,,"7,33","15,25 €",2421374,Frescos,Pescados,https://supermercado.eroski.es/es/productdetail/22421374-barritas-de-surimi-0-mg-krissia-bandeja-360-g/
171,,"5,55",NA,4789802,"Hogar, bricolaje y textil",Textil,https://supermercado.eroski.es/es/productdetail/24789802-juego-sabanas-namira-salmon-4-piezas-50-algodon-50-poliester-eroski-talla-150/
172,,"11,95","55,80 €",6936320,Frescos,Pescados,https://supermercado.eroski.es/es/productdetail/16936320-salmon-ahumado-reducido-sal-duo-eroski-pack-2x50-g/
173,,"7,42","33,15 €",5290065,Frescos,Pescados,https://supermercado.eroski.es/es/productdetail/25290065-bacalao-desalado-menu-msc-eroski-bandeja-270-g/
174,,"9,98","39,97 €",8361360,Frescos,Pescados,https://supermercado.eroski.es/es/productdetail/18361360-supremas-de-bacalao-giraldo-bandeja-400-g/
175,,"17,50","38,16 €",3632029,Congelados,Pescado,https://supermercado.eroski.es/es/productdetail/23632029-lomos-de-salmon-pescanova-sobre-250-g/
176,,"5,74","6,58 €",5115694,Mascotas,Gatos,https://supermercado.eroski.es/es/productdetail/15115694-alimento-de-salmon-gato-adulto-esterilizado-ultima-saco-3-kg/
177,,"5,50","28,50 €",4897102,Congelados,Pescado,https://supermercado.eroski.es/es/productdetail/14897102-kokotxa-de-bacalao-donibane-fish-caja-500-g/
178,,"4,55","23,96 €",046485,Frescos,Pescados,https://supermercado.eroski.es/es/productdetail/7046485-bacalao-desalado-desmigado-msc-eroski-bandeja-250-g/
179,,"9,95","4,40 €",5460809,Alimentación,"Aceite, vinagre, sal, harina y pan rallado",https://supermercado.eroski.es/es/productdetail/25460809-sazonador-para-preparar-salmon-ahumado-roca-sobre-750-g/
180,,"49,75",NA,2006482,Frescos,Pescados,https://supermercado.eroski.es/es/productdetail/12006482-filete-de-bacalao-al-punto-de-sal-bandeja-aprox-350-g/
181,,"8,99","5,99 €",1097027,Mascotas,Gatos,https://supermercado.eroski.es/es/productdetail/21097027-alimento-de-salmon-gato-esterilizado-ultima-saco-75-kg/
182,,"5,99","47,02 €",1571542,Frescos,Platos preparados,https://supermercado.eroski.es/es/productdetail/21571542-california-de-salmon-queso-sushitake-bandeja-168-g/
183,,"5,99","36,98 €",3714322,Congelados,Pescado,https://supermercado.eroski.es/es/productdetail/23714322-lomos-de-salmon-premium-la-sirena-sobre-500-g/
184,,"14,99","21,48 €",524368,Congelados,Pescado,https://supermercado.eroski.es/es/productdetail/5524368-filete-de-bacalao-pescanova-bandeja-400-g/
185,,"2,95","15,95 €",25755,Frescos,Pescados,https://supermercado.eroski.es/es/productdetail/225755-salmon-por-medios-o-enteros-pieza-al-peso-aprox-4-kg/
186,,"8,95","35,00 €",8800904,Frescos,Pescados,https://supermercado.eroski.es/es/productdetail/18800904-dados-de-salmon-eroski-natur-ggn-bandeja-250-g/
187,,"5,95","14,16 €",3105067,Bebé,Postres y meriendas,https://supermercado.eroski.es/es/productdetail/23105067-potito-ecologico-de-verduras-con-salmon-hero-tarro-190-g/
188,,"20,95","17,63 €",2365201,Frescos,Platos preparados,https://supermercado.eroski.es/es/productdetail/12365201-pimientos-rellenos-de-bacalao-eroski-seleqtia-bandeja-300-g/
189,,"14,80","9,96 €",725656,Alimentación,Platos preparados,https://supermercado.eroski.es/es/productdetail/9725656-ensalada-arroz-con-palitos-mar-carretilla-bol-240-g/
190,,"8,99","74,88 €",9657428,Frescos,Pescados,https://supermercado.eroski.es/es/productdetail/19657428-salmon-ahumado-salvaje-msc-martiko-sobre-80-g/
191,,"2,45","36,33 €",4974313,Frescos,Pescados,https://supermercado.eroski.es/es/productdetail/24974313-filetes-de-bacalao-desalado-royal-bandeja-300-g/
192,,"6,22","76,27 €",3696398,Frescos,Pescados,https://supermercado.eroski.es/es/productdetail/13696398-salmon-ahumado-royal-sobre-75-g/
193,,"14,25","11,12 €",30187,Frescos,"Salchichas, patés y foie",https://supermercado.eroski.es/es/productdetail/130187-pate-de-salmon-casa-tarradellas-frasco-125-g/
194,,"6,90","3,17 €",4565129,Mascotas,Perros,https://supermercado.eroski.es/es/productdetail/24565129-alimento-no-grain-de-salmon-para-perro-eroski-saco-3-kg/
195,,"13,99","45,43 €",7460916,Frescos,Platos preparados,https://supermercado.eroski.es/es/productdetail/17460916-roll-de-salmon-aguacate-sushitake-bandeja-175-g/
196,,"17,99","44,95 €",1572136,Frescos,Platos preparados,https://supermercado.eroski.es/es/productdetail/21572136-nigiri-de-salmon-l-sushitake-bandeja-188-g/
197,,"8,95","42,17 €",5298613,Frescos,Pescados,https://supermercado.eroski.es/es/productdetail/25298613-salmon-corte-maestro-x2-mowi-bandeja-230-g/
198,,"3,47","8,54 €",2886212,Congelados,Platos preparados,https://supermercado.eroski.es/es/productdetail/22886212-tallarines-a-las-finas-hierbas-salmon-la-sirena-bandeja-350-g/
199,,"6,55","27,80 €",5269168,Frescos,Platos preparados,https://supermercado.eroski.es/es/productdetail/25269168-salmon-en-salsa-de-marisco-eroski-seleqtia-bandeja-250-g/
200,,"10,90","22,50 €",4544181,Mascotas,Gatos,https://supermercado.eroski.es/es/productdetail/24544181-bocaditos-de-salmon-para-gato-biozoo-paquete-60-g/
201,,"6,45","21,97 €",946685,Congelados,Pescado,https://supermercado.eroski.es/es/productdetail/6946685-lomos-de-bacalao-pescanova-bandeja-300-g/
202,,"7,75","22,00 €",3053481,Frescos,Pescados,https://supermercado.eroski.es/es/productdetail/23053481-laskas-de-bacalao-desalado-desmigado-alkorta-bandeja-250-g/
203,,"8,45","6,00 €",6888232,Mascotas,Gatos,https://supermercado.eroski.es/es/productdetail/16888232-pate-de-salmon-para-gato-eroski-lata-100-g/
204,,"6,49","74,88 €",1508181,Frescos,Pescados,https://supermercado.eroski.es/es/productdetail/11508181-salmon-nature-sin-ahumar-martiko-sobre-80-g/
205,,"5,29","2,40 €",3538374,Mascotas,Perros,https://supermercado.eroski.es/es/productdetail/23538374-alimento-de-salmon-para-perro-brekkies-saco-14-kg/
206,,"2,65","26,60 €",3751639,Alimentación,Conservas de pescado,https://supermercado.eroski.es/es/productdetail/23751639-salmon-al-natural-dani-pack-3x50-g/
207,,"1,80","15,18 €",4992158,Congelados,Marisco,https://supermercado.eroski.es/es/productdetail/24992158-delicias-de-salmon-pescanova-bandeja-280-g/
208,,"4,99",NA,4783912,"Hogar, bricolaje y textil",Textil,https://supermercado.eroski.es/es/productdetail/24783912-juego-sabanas-jack-polar-color-salmon-3-piezas-100-poliester-eroski-talla-135/
209,,"4,19","11,76 €",2366199,Mascotas,Gatos,https://supermercado.eroski.es/es/productdetail/22366199-alimento-humedo-salmontrucha-gato-ultima-nature-paquete-340-g/
210,,"4,99","11,73 €",8192583,Congelados,Platos preparados,https://supermercado.eroski.es/es/productdetail/18192583-bunuelos-de-bacalao-maheso-caja-400-g/
211,,"6,45","5,29 €",7417080,Frescos,Pescados,https://supermercado.eroski.es/es/productdetail/17417080-barritas-de-surimi-eroski-basic-bandeja-350-g/
212,,"5,35","4,64 €",289492,Congelados,Marisco,https://supermercado.eroski.es/es/productdetail/4289492-palito-de-mar-eroski-basic-bolsa-450-g/
213,,"11,10","28,00 €",4187403,Alimentación,Conservas de pescado,https://supermercado.eroski.es/es/productdetail/24187403-salmon-al-natural-calvo-pack-3x50-g/
214,,"1,25","35,00 €",8362681,Frescos,Pescados,https://supermercado.eroski.es/es/productdetail/18362681-lomo-de-salmon-eroski-natur-ggn-bandeja-300-g/
215,,"5,05","6,57 €",9535475,Mascotas,Perros,https://supermercado.eroski.es/es/productdetail/19535475-alimento-de-salmon-para-perro-mini-sensitive-ultima-saco-15-kg/
216,,"1,09",NA,5234691,Mascotas,Gatos,https://supermercado.eroski.es/es/productdetail/25234691-natural-stick-salmon-vitakraft-pack-4x5-g/
217,,"4,25","30,91 €",36015,Frescos,Pescados,https://supermercado.eroski.es/es/productdetail/836015-alminuto-gulas-gambas-al-ajillo-la-gula-del-norte-sobre-110-g/
218,,"4,69","30,91 €",3519655,Frescos,Pescados,https://supermercado.eroski.es/es/productdetail/23519655-alminuto-gula-gambas-y-setas-la-gula-del-norte-sobre-110-g/
219,,"4,89","12,82 €",5324914,Mascotas,Gatos,https://supermercado.eroski.es/es/productdetail/25324914-alimento-bacalao-y-pollo-gato-junior-edgardcooper-tarrina-85-g/
220,,"1,25","6,63 €",4206874,Mascotas,Gatos,https://supermercado.eroski.es/es/productdetail/14206874-alimento-de-salmon-gato-esterilizado-ultima-saco-15-kg/
